{
"apiVersion": "V1",
"assemblies": [
{
  "files": [
    {
      "filePath": "assembly_data_report.jsonl",
      "fileType": "DATA_REPORT"
    }
  ]
},{
  "accession": "GCA_001027105.1",
  "files": [
    {
      "filePath": "GCA_001027105.1/GCA_001027105.1_ASM102710v1_genomic.fna",
      "fileType": "GENOMIC_NUCLEOTIDE_FASTA"
    },
    {
      "filePath": "GCA_001027105.1/cds_from_genomic.fna",
      "fileType": "CDS_NUCLEOTIDE_FASTA"
    },
    {
      "filePath": "GCA_001027105.1/genomic.gff",
      "fileType": "GFF3"
    },
    {
      "filePath": "GCA_001027105.1/protein.faa",
      "fileType": "PROTEIN_FASTA"
    },
    {
      "filePath": "GCA_001027105.1/sequence_report.jsonl",
      "fileType": "SEQUENCE_REPORT"
    }
  ]
},{
  "accession": "GCA_001515745.1",
  "files": [
    {
      "filePath": "GCA_001515745.1/GCA_001515745.1_ASM151574v1_genomic.fna",
      "fileType": "GENOMIC_NUCLEOTIDE_FASTA"
    },
    {
      "filePath": "GCA_001515745.1/cds_from_genomic.fna",
      "fileType": "CDS_NUCLEOTIDE_FASTA"
    },
    {
      "filePath": "GCA_001515745.1/genomic.gff",
      "fileType": "GFF3"
    },
    {
      "filePath": "GCA_001515745.1/protein.faa",
      "fileType": "PROTEIN_FASTA"
    },
    {
      "filePath": "GCA_001515745.1/sequence_report.jsonl",
      "fileType": "SEQUENCE_REPORT"
    }
  ]
},{
  "accession": "GCA_001641025.1",
  "files": [
    {
      "filePath": "GCA_001641025.1/GCA_001641025.1_ASM164102v1_genomic.fna",
      "fileType": "GENOMIC_NUCLEOTIDE_FASTA"
    },
    {
      "filePath": "GCA_001641025.1/cds_from_genomic.fna",
      "fileType": "CDS_NUCLEOTIDE_FASTA"
    },
    {
      "filePath": "GCA_001641025.1/genomic.gff",
      "fileType": "GFF3"
    },
    {
      "filePath": "GCA_001641025.1/protein.faa",
      "fileType": "PROTEIN_FASTA"
    },
    {
      "filePath": "GCA_001641025.1/sequence_report.jsonl",
      "fileType": "SEQUENCE_REPORT"
    }
  ]
},{
  "accession": "GCA_002895385.1",
  "files": [
    {
      "filePath": "GCA_002895385.1/GCA_002895385.1_ASM289538v1_genomic.fna",
      "fileType": "GENOMIC_NUCLEOTIDE_FASTA"
    },
    {
      "filePath": "GCA_002895385.1/cds_from_genomic.fna",
      "fileType": "CDS_NUCLEOTIDE_FASTA"
    },
    {
      "filePath": "GCA_002895385.1/genomic.gff",
      "fileType": "GFF3"
    },
    {
      "filePath": "GCA_002895385.1/protein.faa",
      "fileType": "PROTEIN_FASTA"
    },
    {
      "filePath": "GCA_002895385.1/sequence_report.jsonl",
      "fileType": "SEQUENCE_REPORT"
    }
  ]
},{
  "accession": "GCA_003945425.1",
  "files": [
    {
      "filePath": "GCA_003945425.1/GCA_003945425.1_ASM394542v1_genomic.fna",
      "fileType": "GENOMIC_NUCLEOTIDE_FASTA"
    },
    {
      "filePath": "GCA_003945425.1/sequence_report.jsonl",
      "fileType": "SEQUENCE_REPORT"
    }
  ]
},{
  "accession": "GCA_004136255.1",
  "files": [
    {
      "filePath": "GCA_004136255.1/GCA_004136255.1_ASM413625v1_genomic.fna",
      "fileType": "GENOMIC_NUCLEOTIDE_FASTA"
    },
    {
      "filePath": "GCA_004136255.1/cds_from_genomic.fna",
      "fileType": "CDS_NUCLEOTIDE_FASTA"
    },
    {
      "filePath": "GCA_004136255.1/genomic.gff",
      "fileType": "GFF3"
    },
    {
      "filePath": "GCA_004136255.1/protein.faa",
      "fileType": "PROTEIN_FASTA"
    },
    {
      "filePath": "GCA_004136255.1/sequence_report.jsonl",
      "fileType": "SEQUENCE_REPORT"
    }
  ]
},{
  "accession": "GCA_006094915.1",
  "files": [
    {
      "filePath": "GCA_006094915.1/GCA_006094915.1_ASM609491v1_genomic.fna",
      "fileType": "GENOMIC_NUCLEOTIDE_FASTA"
    },
    {
      "filePath": "GCA_006094915.1/cds_from_genomic.fna",
      "fileType": "CDS_NUCLEOTIDE_FASTA"
    },
    {
      "filePath": "GCA_006094915.1/genomic.gff",
      "fileType": "GFF3"
    },
    {
      "filePath": "GCA_006094915.1/protein.faa",
      "fileType": "PROTEIN_FASTA"
    },
    {
      "filePath": "GCA_006094915.1/sequence_report.jsonl",
      "fileType": "SEQUENCE_REPORT"
    }
  ]
},{
  "accession": "GCA_006364675.1",
  "files": [
    {
      "filePath": "GCA_006364675.1/GCA_006364675.1_ASM636467v1_genomic.fna",
      "fileType": "GENOMIC_NUCLEOTIDE_FASTA"
    },
    {
      "filePath": "GCA_006364675.1/cds_from_genomic.fna",
      "fileType": "CDS_NUCLEOTIDE_FASTA"
    },
    {
      "filePath": "GCA_006364675.1/genomic.gff",
      "fileType": "GFF3"
    },
    {
      "filePath": "GCA_006364675.1/protein.faa",
      "fileType": "PROTEIN_FASTA"
    },
    {
      "filePath": "GCA_006364675.1/sequence_report.jsonl",
      "fileType": "SEQUENCE_REPORT"
    }
  ]
},{
  "accession": "GCA_900607265.1",
  "files": [
    {
      "filePath": "GCA_900607265.1/GCA_900607265.1_BPH2003_genomic.fna",
      "fileType": "GENOMIC_NUCLEOTIDE_FASTA"
    },
    {
      "filePath": "GCA_900607265.1/sequence_report.jsonl",
      "fileType": "SEQUENCE_REPORT"
    }
  ]
},{
  "accession": "GCA_900620245.1",
  "files": [
    {
      "filePath": "GCA_900620245.1/GCA_900620245.1_BPH2947_genomic.fna",
      "fileType": "GENOMIC_NUCLEOTIDE_FASTA"
    },
    {
      "filePath": "GCA_900620245.1/sequence_report.jsonl",
      "fileType": "SEQUENCE_REPORT"
    }
  ]
}]}
